User_A,User_B
NachoPichu,one_pound_of_flesh
NachoPichu,Charcharbinks23
NachoPichu,UnoStronzo
NachoPichu,Mock_Frog
NachoPichu,Brokenloan
NachoPichu,_BlueJayWalker_
NachoPichu,kevbot918
NachoPichu,MaryAV
NachoPichu,alienfromthecaravan
NachoPichu,contactcapybara
NachoPichu,JenX74
NachoPichu,thatshygirl06
NachoPichu,StrongPlace2063
NachoPichu,Hot_Hat_1225
NachoPichu,goldbricker83
NachoPichu,Snarky_McSnarkleton
NachoPichu,ther_dog
NachoPichu,xojalyse
NachoPichu,icedx2
NachoPichu,geoffpz1
Ngata_da_Vida,goldbricker83
Ngata_da_Vida,annoyed__renter
Ngata_da_Vida,ThrowingChicken
Ngata_da_Vida,FrostyPost8473
Ngata_da_Vida,gereffi
Ngata_da_Vida,logorrhea69
WaveyDaveyGravy,CompetitiveSport1
WaveyDaveyGravy,Butterflyteal61
WaveyDaveyGravy,RGV_KJ
WaveyDaveyGravy,thedaddymack
WaveyDaveyGravy,Majestic-Marzipan621
WaveyDaveyGravy,Zipa7
Stretch5701,Mock_Frog
Ragnarotico,11_25_13_TheEdge
Ragnarotico,fuggerdug
Ragnarotico,MistbornInterrobang
Ragnarotico,PolyNecropolis
Ragnarotico,Gisschace
Ragnarotico,lionessrampant25
Ragnarotico,chicken1998
Bloodfoe,kakurenbo1
Bloodfoe,Leading-Difficulty57
NewInMontreal,VitruvianDude
NewInMontreal,ABobby077
Persimmon-Mission,bossmcsauce
Fleetingdank,Wonderful_Hotel1963
RobbyRock75,Winitfortheskipper
RobbyRock75,WhiteSpringStation
Triekster,RoyalCanadianBuddy
Quintessince,kingfofthepoors
blue_sidd,Bloodfoe
JollyToby0220,JesusStarbox
laydlvr,LadyLovesRoses
mmskoch,PoppinJ
F33dR,PoppinJ
F33dR,ITGeekBenB
one_pound_of_flesh,thizzydrafts
one_pound_of_flesh,bluehairdave
one_pound_of_flesh,Puzzledandhungry
one_pound_of_flesh,Sislar
UnoStronzo,Majorlol
UnoStronzo,surloc_dalnor
UnoStronzo,doobur
UnoStronzo,NachoPichu
UnoStronzo,Rok-SFG
Mock_Frog,Steve_mcqueens_ghost
MaryAV,NachoPichu
MaryAV,Jiktten
alienfromthecaravan,NachoPichu
goldbricker83,RodBoron
goldbricker83,raerae1991
goldbricker83,Ngata_da_Vida
goldbricker83,southernNJ-123
goldbricker83,RGV_KJ
goldbricker83,LittleWhiteBoots
annoyed__renter,uniyk
11_25_13_TheEdge,spamjavelin
11_25_13_TheEdge,tyereliusprime
Winitfortheskipper,bossmcsauce
RoyalCanadianBuddy,Randy_Watson
RoyalCanadianBuddy,Numzane
RoyalCanadianBuddy,Visual_Collar_8893
Bloodfoe,Impossible-Curve7249
Bloodfoe,Wonderful_Hotel1963
thizzydrafts,cookerg
thizzydrafts,Remmick2326
thizzydrafts,thenayr
thizzydrafts,DrCausti
thizzydrafts,tannersarms
thizzydrafts,JubalHarshawII
thizzydrafts,PapaBubba
Majorlol,ThePercysRiptide
doobur,surloc_dalnor
doobur,MANEWMA
NachoPichu,animalblundettios
NachoPichu,Svuroo
NachoPichu,thunder89
Rok-SFG,SharksForArms
Steve_mcqueens_ghost,nokeyblue
RodBoron,LMurch13
RodBoron,audaciousmonk
raerae1991,Gisschace
raerae1991,KajunKrust
RGV_KJ,goldbricker83
RGV_KJ,Nuttonbutton
RGV_KJ,zaccus
spamjavelin,Dinkerdoo
Plenty_Past2333,Winitfortheskipper
Plenty_Past2333,loptopandbingo
Randy_Watson,uniyk
Numzane,RazzamanazzU
cookerg,Dukwdriver
cookerg,acu2005
Remmick2326,530SSState
Remmick2326,originaljbw
thenayr,drgreenair
DrCausti,TwoDrinkDave
DrCausti,unholymackerel
JubalHarshawII,danfirst
thunder89,NachoPichu
thunder89,Alden_The_Hunter
thunder89,Remmick2326
thunder89,SharksForArms
LMurch13,MuzzledScreaming
LMurch13,AaronsAaAardvarks
Gisschace,UmbertoEcoTheDolphin
Gisschace,raerae1991
Gisschace,530SSState
KajunKrust,BucolicsAnonymous
Dukwdriver,Successful_Car_436
TwoDrinkDave,530SSState
TwoDrinkDave,understepped
NachoPichu,rezin111
NachoPichu,Sithmaggot
NachoPichu,jakethesnake741
MuzzledScreaming,theteufortdozen
UmbertoEcoTheDolphin,kennedye2112
BucolicsAnonymous,raerae1991
BucolicsAnonymous,KajunKrust
rezin111,NachoPichu
theteufortdozen,Fikkia
theteufortdozen,NoGame212
theteufortdozen,Business-Emu-6923
Fikkia,theteufortdozen
Fikkia,CedarWolf
These_Lemon_8060,JuiceDrinkingRat
These_Lemon_8060,Raktoner
These_Lemon_8060,NubNub69
These_Lemon_8060,Chip_Prudent
These_Lemon_8060,Busy-Tumbleweed3008
These_Lemon_8060,slodman
These_Lemon_8060,Ok_Entrepreneur4901
These_Lemon_8060,Top_Toe8606
These_Lemon_8060,Jackass-OfAll-Trades
These_Lemon_8060,98_BB6
These_Lemon_8060,dxGoesDeep
These_Lemon_8060,Consistent-Tax1979
These_Lemon_8060,oojiflip
These_Lemon_8060,OwenguWebb
These_Lemon_8060,thedoomabides
NotOfYourKind3721,BetterThanSydney
NotOfYourKind3721,HeinousPainus
NotOfYourKind3721,midnightBloomer24
NotOfYourKind3721,wwelegitlinknowhdd
Trl_lst-me-bro,Jackass-OfAll-Trades
Trl_lst-me-bro,Mors_Ontologica77
Trl_lst-me-bro,muchacho5894
Trl_lst-me-bro,ahsm
Trl_lst-me-bro,qcon99
Trl_lst-me-bro,Clamper2
Trl_lst-me-bro,Brody1Ken0bi
Trl_lst-me-bro,MemeStonkShirts
Trl_lst-me-bro,Redarii
Trl_lst-me-bro,exsistingeverywhere
stubborn_Mountain,ReasonableGator
stubborn_Mountain,Scary_Injury2882
stubborn_Mountain,Story_Man_75
stubborn_Mountain,ThunderFuckMountain
stubborn_Mountain,yezakimak
Any_Individual4272,UchihaSukuna1
Any_Individual4272,NYCSlim
Any_Individual4272,Latter_Race8954
Any_Individual4272,Upbeat_Carry4987
ophelia-wood,BellsOnNutsMeansXmas
ophelia-wood,Zombie4141
ophelia-wood,Lybertyne2
ophelia-wood,Disastrous-Mousse
ophelia-wood,Chronic_Sharter
ophelia-wood,jal0001
BlankSlate59,Horseradished
BlankSlate59,jackgrafter
BlankSlate59,Steph_Infection_11
BlankSlate59,knewitfirst
BlankSlate59,Blenderhead36
Kirby5588,Additional-Fail-929
Kirby5588,CDawgbmmrgr2
Kirby5588,Molotov56
purplepanda3640,PetOwner_ThrowAway
maybe-your-neighbour,Me_gentleman
maybe-your-neighbour,gypsytron
maybe-your-neighbour,Slight_Attention_619
maybe-your-neighbour,Snowlandnts
maybe-your-neighbour,TantrumTristan
maybe-your-neighbour,Loud_Woodpecker4
maybe-your-neighbour,jerryflink
maybe-your-neighbour,Embarrassed_Fan_5723
maybe-your-neighbour,Ok_Research2427
maybe-your-neighbour,Visual_Painting_112
maybe-your-neighbour,SerJustice
maybe-your-neighbour,mickecd1989
maybe-your-neighbour,JayADubya
maybe-your-neighbour,Father_of_Lies666
maybe-your-neighbour,Dica0611
maybe-your-neighbour,RelevantButNotBasic
maybe-your-neighbour,abeta_666
maybe-your-neighbour,Blakebacon
maybe-your-neighbour,HotlineBirdman
maybe-your-neighbour,Westcliffsteamers
maybe-your-neighbour,Rough-Riderr
maybe-your-neighbour,yeeeeeeeehaaaawwww
maybe-your-neighbour,Moist_Strategy_275
maybe-your-neighbour,Jaylaw
maybe-your-neighbour,AwolApps
maybe-your-neighbour,IAmBadAtInternet
maybe-your-neighbour,Canik716kid
maybe-your-neighbour,th4t1guy
maybe-your-neighbour,Complete_Ability_808
maybe-your-neighbour,Far_Jackfruit_1834
coffeemug0124,KineticKeep
coffeemug0124,greaper007
NoEmergency7573,IceFisherP26
NoEmergency7573,Slipz19
Fluid-Tell277,Drumblebee
Fluid-Tell277,GilmerDosSantos
Fluid-Tell277,iplaywithfiretoo
Fluid-Tell277,ComprehensivePeak943
TaxLucas,tiltingwindturbines
TaxLucas,Jimthalemew
TaxLucas,GrunchWeefer
TaxLucas,ShyguyFlyguy
TaxLucas,Super-Yesterday9727
TaxLucas,Nichia519
TaxLucas,macaronibowls
youseenofilter,SkulIaz
M2DAB77,Some-Professional-78
M2DAB77,Odd-Musical-Stranger
Disastrous-Mousse,Lunchinator
feelsbadbud,Tankmonkey1987
feelsbadbud,Emotional_Discount_7
PainfullyAloneAgain,OpalHawk
PainfullyAloneAgain,BetterThanSydney
PainfullyAloneAgain,Neither-Dark-1815
somedoofyouwontlike,Behelzibub28
crtsk,Jackass-OfAll-Trades
shroomluverr,Jackass-OfAll-Trades
Slacker_Zer0,Vlazthrax
National-Barnacle-91,Eternal_Mistakes
haleysfun,Jackass-OfAll-Trades
haleysfun,AshamedSuggestion137
haleysfun,PippityPaps99
haleysfun,postmortem6
haleysfun,DominantFoot614
haleysfun,Disastrous-Mud1645
haleysfun,GrunchWeefer
haleysfun,Ergil99
vn66,pselie4
vn66,DelulusionalTomato
SunSimilar9988,AddictedtoLife181
JimAbaddon,NomadicalYT
evil_overlord01,Vlazthrax
necomus,Nerevarine91
innocentj,Isograd
innocentj,smithb3125
innocentj,WishJunior
innocentj,pazzmat
innocentj,Longjumping_Gap6410
innocentj,midnight-ghost55
innocentj,Spiritual-Matters
innocentj,_kiss_my_grits_
innocentj,ilovebeingprity
innocentj,dudelooking4answers
innocentj,ReplacementLevel2574
innocentj,stokeszdude
innocentj,thingsarehardsoami
